Genre,Category,Refined Category
African Rock,Rock,World Music
Album Rock,Rock,Rock
Alternative Pop Rock,Rock,Rock
Alternative Rock,Rock,Rock
Alternative Roots Rock,Rock,Rock
Argentine Rock,Rock,Rock
Art Rock,Rock,Rock
Atmospheric Post Rock,Rock,Rock
Australian Alternative Rock,Rock,Rock
Basque Rock,Rock,Rock
Belgian Rock,Rock,Rock
Blues-rock,Rock,Rock
Blues-rock Guitar,Rock,Rock
Boston Rock,Rock,Rock
British Alternative Rock,Rock,Rock
British Indie Rock,Rock,Rock
Bulgarian Rock,Rock,Rock
Celtic Rock,Rock,Rock
Chilean Rock,Rock,Rock
Chinese Indie Rock,Rock,Rock
Christian Alternative Rock,Rock,Rock
Christian Rock,Rock,Rock
Classic Finnish Rock,Rock,Rock
Classic Funk Rock,Rock,Rock
Classic Garage Rock,Rock,Rock
Classic Psychedelic Rock,Rock,Rock
Classic Rock,Rock,Rock
Classic Russian Rock,Rock,Rock
Colombian Rock,Rock,Rock
Comedy Rock,Rock,Rock
Country Rock,Rock,Rock
Crack Rock Steady,Rock,Rock
Czech Rock,Rock,Rock
Dance Rock,Rock,Rock
Danish Pop Rock,Rock,Rock
Deep Christian Rock,Rock,Rock
Deep Classic Garage Rock,Rock,Rock
Deep Indie Rock,Rock,Rock
Deep Melodic Hard Rock,Rock,Rock
Deep Punk Rock,Rock,Rock
Deep Soft Rock,Rock,Rock
Deep Space Rock,Rock,Rock
Dutch Rock,Rock,Rock
Experimental Rock,Rock,Rock
Folk Rock,Rock,Rock
French Rock,Rock,Rock
Funk Rock,Rock,Rock
Garage Rock,Rock,Rock
Geek Rock,Rock,Rock
German Pop Rock,Rock,Rock
Glam Rock,Rock,Rock
Gothic Rock,Rock,Rock
Hard Rock,Rock,Rock
Hard Stoner Rock,Rock,Rock
Heavy Gothic Rock,Rock,Rock
Hungarian Rock,Rock,Rock
Indian Rock,Rock,Rock
Indie Emo Rock,Rock,Rock
Indie Pop Rock,Rock,Rock
Indie Rock,Rock,Rock
Indorock,Rock,Rock
Industrial Rock,Rock,Rock
Instrumental Post Rock,Rock,Rock
Irish Rock,Rock,Rock
Israeli Rock,Rock,Rock
Italian Pop Rock,Rock,Rock
Italian Progressive Rock,Rock,Rock
J-poprock,Rock,Rock
J-rock,Rock,Rock
Jangle Rock,Rock,Rock
K-rock,Rock,Rock
Kiwi Rock,Rock,Rock
Kraut Rock,Rock,Rock
Lovers Rock,Rock,Rock
Math Rock,Rock,Rock
Medieval Rock,Rock,Rock
Melodic Hard Rock,Rock,Rock
Mexican Rock-and-roll,Rock,Rock
Modern Country Rock,Rock,Rock
Modern Southern Rock,Rock,Rock
Neo-industrial Rock,Rock,Rock
Neo-rockabilly,Rock,Rock
Noise Rock,Rock,Rock
Norwegian Rock,Rock,Rock
Ostrock,Rock,Rock
Peruvian Rock,Rock,Rock
Piano Rock,Rock,Rock
Pop Rock,Rock,Rock
Portuguese Rock,Rock,Rock
Post Rock,Rock,Rock
Power Blues-rock,Rock,Rock
Progressive Rock,Rock,Rock
Psychedelic Blues-rock,Rock,Rock
Psychedelic Rock,Rock,Rock
Pub Rock,Rock,Rock
Puerto Rican Rock,Rock,Rock
Rap Rock,Rock,Rock
Reggae Rock,Rock,Rock
Rock,Rock,Rock
Rock Catala,Rock,Rock
Rock En Espanol,Rock,Rock
Rock Gaucho,Rock,Rock
Rock Noise,Rock,Rock
Rock Steady,Rock,Rock
Rock-and-roll,Rock,Rock
Rockabilly,Rock,Rock
Romanian Rock,Rock,Rock
Roots Rock,Rock,Rock
Russian Rock,Rock,Rock
Scottish Rock,Rock,Rock
Sleaze Rock,Rock,Rock
Slovenian Rock,Rock,Rock
Soft Rock,Rock,Rock
Southern Rock,Rock,Rock
Space Rock,Rock,Rock
Spanish Indie Rock,Rock,Rock
Spanish Pop Rock,Rock,Rock
Stoner Rock,Rock,Rock
Suomi Rock,Rock,Rock
Swedish Alternative Rock,Rock,Rock
Swedish Hard Rock,Rock,Rock
Swedish Indie Rock,Rock,Rock
Swiss Rock,Rock,Rock
Symphonic Rock,Rock,Rock
Traditional Rock 'N Roll,Rock,Rock
Traditional Rockabilly,Rock,Rock
Trash Rock,Rock,Rock
Turkish Rock,Rock,Rock
Ukrainian Rock,Rock,Rock
Venezuelan Rock,Rock,Rock
Vintage Rockabilly,Rock,Rock
Welsh Rock,Rock,Rock
Wrock,Rock,Rock
Yugoslav Rock,Rock,Rock
Abstract Hip Hop,Hip Hop/Rap,Hip Hop/Rap
Alternative Hip Hop,Hip Hop/Rap,Hip Hop/Rap
Australian Hip Hop,Hip Hop/Rap,Hip Hop/Rap
Austrian Hip Hop,Hip Hop/Rap,Hip Hop/Rap
Bay Area Hip Hop,Hip Hop/Rap,Hip Hop/Rap
Brazilian Hip Hop,Hip Hop/Rap,Hip Hop/Rap
Canadian Hip Hop,Hip Hop/Rap,Hip Hop/Rap
Chicano Rap,Hip Hop/Rap,Hip Hop/Rap
Chip Hop,Hip Hop/Rap,Hip Hop/Rap
Christian Hip Hop,Hip Hop/Rap,Hip Hop/Rap
Danish Hip Hop,Hip Hop/Rap,Hip Hop/Rap
Deep East Coast Hip Hop,Hip Hop/Rap,Hip Hop/Rap
Deep Trap,Hip Hop/Rap,Hip Hop/Rap
Detroit Hip Hop,Hip Hop/Rap,Hip Hop/Rap
Dirty South Rap,Hip Hop/Rap,Hip Hop/Rap
Dirty Texas Rap,Hip Hop/Rap,Hip Hop/Rap
Dutch Hip Hop,Hip Hop/Rap,Hip Hop/Rap
East Coast Hip Hop,Hip Hop/Rap,Hip Hop/Rap
Finnish Hip Hop,Hip Hop/Rap,Hip Hop/Rap
French Hip Hop,Hip Hop/Rap,Hip Hop/Rap
Gangster Rap,Hip Hop/Rap,Hip Hop/Rap
German Hip Hop,Hip Hop/Rap,Hip Hop/Rap
Greek Hip Hop,Hip Hop/Rap,Hip Hop/Rap
Hardcore Hip Hop,Hip Hop/Rap,Hip Hop/Rap
Hip Hop,Hip Hop/Rap,Hip Hop/Rap
Hip Hop Quebecois,Hip Hop/Rap,Hip Hop/Rap
Hip Hop Tuga,Hip Hop/Rap,Hip Hop/Rap
Hungarian Hip Hop,Hip Hop/Rap,Hip Hop/Rap
Italian Hip Hop,Hip Hop/Rap,Hip Hop/Rap
J-rap,Hip Hop/Rap,Hip Hop/Rap
Latin Hip Hop,Hip Hop/Rap,Hip Hop/Rap
Memphis Hip Hop,Hip Hop/Rap,Hip Hop/Rap
Norwegian Hip Hop,Hip Hop/Rap,Hip Hop/Rap
Old School Hip Hop,Hip Hop/Rap,Hip Hop/Rap
Outer Hip Hop,Hip Hop/Rap,Hip Hop/Rap
Polish Hip Hop,Hip Hop/Rap,Hip Hop/Rap
Pop Rap,Hip Hop/Rap,Hip Hop/Rap
Rap,Hip Hop/Rap,Hip Hop/Rap
Rap Metal,Hip Hop/Rap,Hip Hop/Rap
Rap Metalcore,Hip Hop/Rap,Hip Hop/Rap
Russian Hip Hop,Hip Hop/Rap,Hip Hop/Rap
Slovak Hip Hop,Hip Hop/Rap,Hip Hop/Rap
Southern Hip Hop,Hip Hop/Rap,Hip Hop/Rap
Spanish Hip Hop,Hip Hop/Rap,Hip Hop/Rap
Swedish Hip Hop,Hip Hop/Rap,Hip Hop/Rap
Swiss Hip Hop,Hip Hop/Rap,Hip Hop/Rap
Trap Music,Hip Hop/Rap,Hip Hop/Rap
Trapstep,Hip Hop/Rap,Hip Hop/Rap
Turkish Hip Hop,Hip Hop/Rap,Hip Hop/Rap
Uk Hip Hop,Hip Hop/Rap,Hip Hop/Rap
Underground Hip Hop,Hip Hop/Rap,Hip Hop/Rap
Underground Latin Hip Hop,Hip Hop/Rap,Hip Hop/Rap
Underground Pop Rap,Hip Hop/Rap,Hip Hop/Rap
Underground Rap,Hip Hop/Rap,Hip Hop/Rap
West Coast Rap,Hip Hop/Rap,Hip Hop/Rap
Acid House,Electronic,Electronic
Acid Techno,Electronic,Electronic
Ambient Dub Techno,Electronic,Electronic
Ambient Trance,Electronic,Electronic
Bouncy House,Electronic,Electronic
Bubble Trance,Electronic,Electronic
Chicago House,Electronic,Electronic
Chill-out Trance,Electronic,Electronic
Covertrance,Electronic,Electronic
Dark Minimal Techno,Electronic,Electronic
Dark Progressive House,Electronic,Electronic
Dark Psytrance,Electronic,Electronic
Deep Deep House,Electronic,Electronic
Deep Deep Tech House,Electronic,Electronic
Deep Disco House,Electronic,Electronic
Deep Dub Techno,Electronic,Electronic
Deep Euro House,Electronic,Electronic
Deep Funk House,Electronic,Electronic
Deep House,Electronic,Electronic
Deep Melodic House,Electronic,Electronic
Deep Minimal Techno,Electronic,Electronic
Deep Progressive House,Electronic,Electronic
Deep Progressive Trance,Electronic,Electronic
Deep Psytrance,Electronic,Electronic
Deep Soul House,Electronic,Electronic
Deep Tech House,Electronic,Electronic
Deep Uplifting Trance,Electronic,Electronic
Deep Vocal House,Electronic,Electronic
Destroy Techno,Electronic,Electronic
Detroit Techno,Electronic,Electronic
Disco House,Electronic,Electronic
Dub Techno,Electronic,Electronic
Dutch House,Electronic,Electronic
Electro House,Electronic,Electronic
Electronic,Electronic,Electronic
Electronica,Electronic,Electronic
Electronicore,Electronic,Electronic
Fidget House,Electronic,Electronic
Filter House,Electronic,Electronic
German Techno,Electronic,Electronic
Glitter Trance,Electronic,Electronic
Goa Trance,Electronic,Electronic
Greek House,Electronic,Electronic
Hard House,Electronic,Electronic
Hard Trance,Electronic,Electronic
Hardcore Techno,Electronic,Electronic
Hip House,Electronic,Electronic
House,Electronic,Electronic
Latin Electronica,Electronic,Electronic
Lounge House,Electronic,Electronic
Microhouse,Electronic,Electronic
Minimal Melodic Techno,Electronic,Electronic
Minimal Tech House,Electronic,Electronic
Minimal Techno,Electronic,Electronic
Nordic House,Electronic,Electronic
Outsider House,Electronic,Electronic
Pop House,Electronic,Electronic
Power Electronics,Electronic,Electronic
Progressive Electro House,Electronic,Electronic
Progressive House,Electronic,Electronic
Progressive Psytrance,Electronic,Electronic
Progressive Trance,Electronic,Electronic
Progressive Trance House,Electronic,Electronic
Progressive Uplifting Trance,Electronic,Electronic
Psychedelic Trance,Electronic,Electronic
Re:techno,Electronic,Electronic
Tech House,Electronic,Electronic
Techno,Electronic,Electronic
Trance,Electronic,Electronic
Trance Hop,Electronic,Electronic
Tribal House,Electronic,Electronic
Uplifting Trance,Electronic,Electronic
Vapor House,Electronic,Electronic
Vocal House,Electronic,Electronic
Witch House,Electronic,Electronic
Acid Jazz,Jazz,Jazz
Avant-garde Jazz,Jazz,Jazz
Bossa Nova Jazz,Jazz,Jazz
Contemporary Jazz,Jazz,Jazz
Cool Jazz,Jazz,Jazz
Danish Jazz,Jazz,Jazz
Dark Jazz,Jazz,Jazz
Deep Free Jazz,Jazz,Jazz
Deep Jazz Fusion,Jazz,Jazz
Deep Jazz Guitar,Jazz,Jazz
Deep Jazz Piano,Jazz,Jazz
Deep Smooth Jazz,Jazz,Jazz
Deep Vocal Jazz,Jazz,Jazz
Electro Jazz,Jazz,Jazz
Finnish Jazz,Jazz,Jazz
Free Jazz,Jazz,Jazz
Gypsy Jazz,Jazz,Jazz
Italian Jazz,Jazz,Jazz
Japanese Jazztronica,Jazz,Jazz
Jazz,Jazz,Jazz
Jazz Bass,Jazz,Jazz
Jazz Blues,Jazz,Jazz
Jazz Brass,Jazz,Jazz
Jazz Christmas,Jazz,Jazz
Jazz Funk,Jazz,Jazz
Jazz Fusion,Jazz,Jazz
Jazz Metal,Jazz,Jazz
Jazz Orchestra,Jazz,Jazz
Jazz Trio,Jazz,Jazz
Latin Jazz,Jazz,Jazz
Modern Free Jazz,Jazz,Jazz
Neo Soul-jazz,Jazz,Jazz
New Orleans Jazz,Jazz,Jazz
Norwegian Jazz,Jazz,Jazz
Nu Jazz,Jazz,Jazz
Polish Jazz,Jazz,Jazz
Smooth Jazz,Jazz,Jazz
Soul Jazz,Jazz,Jazz
South African Jazz,Jazz,World Music
Swedish Jazz,Jazz,Jazz
Turkish Jazz,Jazz,Jazz
Vintage Jazz,Jazz,Jazz
Vocal Jazz,Jazz,Jazz
West African Jazz,Jazz,World Music
Classical,Classical,Classical
Classical Christmas,Classical,Classical
Classical Flute,Classical,Classical
Classical Guitar,Classical,Classical
Classical Organ,Classical,Classical
Classical Performance,Classical,Classical
Classical Period,Classical,Classical
Classical Piano,Classical,Classical
Contemporary Classical,Classical,Classical
Deep Classical Piano,Classical,Classical
Deep Orchestral,Classical,Classical
Hindustani Classical,Classical,Classical
Indian Classical,Classical,Classical
Modern Classical,Classical,Classical
Neo Classical Metal,Classical,Classical
Neoclassical,Classical,Classical
Orchestral,Classical,Classical
Spanish Classical,Classical,Classical
Turkish Classical,Classical,Classical
Acoustic Pop,Pop,Pop
Albanian Pop,Pop,Pop
Alternative Pop,Pop,Pop
Antiviral Pop,Pop,Pop
Arab Pop,Pop,Pop
Australian Pop,Pop,Pop
Austropop,Pop,Pop
Bow Pop,Pop,Pop
Brazilian Pop Music,Pop,Pop
Brill Building Pop,Pop,Pop
Britpop,Pop,Pop
Bubblegum Pop,Pop,Pop
C-pop,Pop,Pop
Canadian Pop,Pop,Pop
Candy Pop,Pop,Pop
Cantopop,Pop,Pop
Chamber Pop,Pop,Pop
Classic Belgian Pop,Pop,Pop
Classic Chinese Pop,Pop,Pop
Classic Colombian Pop,Pop,Pop
Classic Czech Pop,Pop,Pop
Classic Danish Pop,Pop,Pop
Classic Dutch Pop,Pop,Pop
Classic Finnish Pop,Pop,Pop
Classic French Pop,Pop,Pop
Classic Italian Pop,Pop,Pop
Classic Norwegian Pop,Pop,Pop
Classic Peruvian Pop,Pop,Pop
Classic Polish Pop,Pop,Pop
Classic Russian Pop,Pop,Pop
Classic Swedish Pop,Pop,Pop
Classic Turkish Pop,Pop,Pop
Classic Venezuelan Pop,Pop,Pop
Croatian Pop,Pop,Pop
Dance Pop,Pop,Pop
Danish Pop,Pop,Pop
Deep Acoustic Pop,Pop,Pop
Deep Brazilian Pop,Pop,Pop
Deep Dance Pop,Pop,Pop
Deep Indian Pop,Pop,Pop
Deep Indie Pop,Pop,Pop
Deep Neo-synthpop,Pop,Pop
Deep Pop Emo,Pop,Pop
Deep Pop Punk,Pop,Pop
Deep Power-pop Punk,Pop,Pop
Deep Turkish Pop,Pop,Pop
Dominican Pop,Pop,Pop
Dream Pop,Pop,Pop
Dutch Pop,Pop,Pop
Electropowerpop,Pop,Pop
Estonian Pop,Pop,Pop
Etherpop,Pop,Pop
Ethiopian Pop,Pop,Pop
Europop,Pop,Pop
Faroese Pop,Pop,Pop
Finnish Pop,Pop,Pop
Folk-pop,Pop,Pop
French Folk Pop,Pop,Pop
French Indie Pop,Pop,Pop
French Pop,Pop,Pop
Futurepop,Pop,Pop
Garage Pop,Pop,Pop
Gauze Pop,Pop,Pop
German Pop,Pop,Pop
Grunge Pop,Pop,Pop
Hip Pop,Pop,Pop
Hungarian Pop,Pop,Pop
Icelandic Pop,Pop,Pop
Indian Pop,Pop,Pop
Indie Dream Pop,Pop,Pop
Indie Fuzzpop,Pop,Pop
Indie Pop,Pop,Pop
Indie Psych-pop,Pop,Pop
Indonesian Pop,Pop,Pop
Italian Indie Pop,Pop,Pop
Italian Pop,Pop,Pop
J-pop,Pop,Pop
J-poppunk,Pop,Pop
Jangle Pop,Pop,Pop
K-pop,Pop,Pop
Latin Pop,Pop,Pop
Latvian Pop,Pop,Pop
Malaysian Pop,Pop,Pop
Mande Pop,Pop,Pop
Mandopop,Pop,Pop
Math Pop,Pop,Pop
Metropopolis,Pop,Pop
Neo-synthpop,Pop,Pop
New Wave Pop,Pop,Pop
Noise Pop,Pop,Pop
Norwegian Pop,Pop,Pop
Operatic Pop,Pop,Pop
Pakistani Pop,Pop,Pop
Persian Pop,Pop,Pop
Polish Pop,Pop,Pop
Polynesian Pop,Pop,Pop
Pop,Pop,Pop
Pop Christmas,Pop,Pop
Pop Emo,Pop,Pop
Pop Punk,Pop,Pop
Popgaze,Pop,Pop
Portuguese Pop,Pop,Pop
Power Pop,Pop,Pop
Power-pop Punk,Pop,Pop
Romanian Pop,Pop,Pop
Russian Pop,Pop,Pop
Shimmer Pop,Pop,Pop
Shiver Pop,Pop,Pop
Singaporean Pop,Pop,Pop
Slovak Pop,Pop,Pop
Soda Pop,Pop,Pop
Spanish Indie Pop,Pop,Pop
Spanish Pop,Pop,Pop
Stomp Pop,Pop,Pop
Swamp Pop,Pop,Pop
Swedish Indie Pop,Pop,Pop
Swedish Pop,Pop,Pop
Swedish Pop Punk,Pop,Pop
Swedish Soft Pop,Pop,Pop
Swedish Synthpop,Pop,Pop
Synthpop,Pop,Pop
Taiwanese Pop,Pop,Pop
Teen Pop,Pop,Pop
Thai Pop,Pop,Pop
Turkish Pop,Pop,Pop
Twee Indie Pop,Pop,Pop
Twee Pop,Pop,Pop
Underground Power Pop,Pop,Pop
Vietnamese Pop,Pop,Pop
Vintage Swedish Pop,Pop,Pop
Viral Pop,Pop,Pop
Alternative Country,Country,Country
Australian Country,Country,Country
Canadian Country,Country,Country
Contemporary Country,Country,Country
Country,Country,Country
Country Blues,Country,Country
Country Christmas,Country,Country
Country Dawn,Country,Country
Country Gospel,Country,Country
Country Road,Country,Country
Deep Contemporary Country,Country,Country
Neo-traditional Country,Country,Country
Outlaw Country,Country,Country
Texas Country,Country,Country
Traditional Country,Country,Country
Vintage Country Folk,Country,Country
Anti-folk,Folk,Folk
Appalachian Folk,Folk,Folk
Arab Folk,Folk,Folk
Armenian Folk,Folk,Folk
Breton Folk,Folk,Folk
British Folk,Folk,Folk
Caucasian Folk,Folk,Folk
Central Asian Folk,Folk,Folk
Contemporary Folk,Folk,Folk
Corsican Folk,Folk,Folk
Czech Folk,Folk,Folk
Deep Folk Metal,Folk,Folk
Deep Neofolk,Folk,Folk
Deep Nordic Folk,Folk,Folk
Drone Folk,Folk,Folk
Ectofolk,Folk,Folk
Folk,Folk,Folk
Folk Christmas,Folk,Folk
Folk Metal,Folk,Folk
Folk Punk,Folk,Folk
Folk-prog,Folk,Folk
Folklore Argentino,Folk,Folk
Folkmusik,Folk,Folk
Freak Folk,Folk,Folk
French Folk,Folk,Folk
Geek Folk,Folk,Folk
Indie Folk,Folk,Folk
Irish Folk,Folk,Folk
Italian Folk,Folk,Folk
Kurdish Folk,Folk,Folk
Malagasy Folk,Folk,Folk
Neofolk,Folk,Folk
Nl Folk,Folk,Folk
Nordic Folk,Folk,Folk
Spanish Folk,Folk,Folk
String Folk,Folk,Folk
Swiss Folk,Folk,Folk
Traditional British Folk,Folk,Folk
Traditional Folk,Folk,Folk
Traditional Irish Folk,Folk,Folk
Traditional Scottish Folk,Folk,Folk
Turbo Folk,Folk,Folk
Turkish Folk,Folk,Folk
Fourth World,World Music,World Music
World,World Music,World Music
World Chill,World Music,World Music
World Christmas,World Music,World Music
World Fusion,World Music,World Music
Acoustic Blues,Blues,Blues
Blues,Blues,Blues
British Blues,Blues,Blues
Chicago Blues,Blues,Blues
Deep Delta Blues,Blues,Blues
Delta Blues,Blues,Blues
Desert Blues,Blues,Blues
Electric Blues,Blues,Blues
Garage Punk Blues,Blues,Blues
Gospel Blues,Blues,Blues
Harmonica Blues,Blues,Blues
Jump Blues,Blues,Blues
Louisiana Blues,Blues,Blues
Memphis Blues,Blues,Blues
Modern Blues,Blues,Blues
New Orleans Blues,Blues,Blues
Piano Blues,Blues,Blues
Piedmont Blues,Blues,Blues
Punk Blues,Blues,Blues
Soul Blues,Blues,Blues
Southern Soul Blues,Blues,Blues
Swamp Blues,Blues,Blues
Texas Blues,Blues,Blues
Traditional Blues,Blues,Blues
Chicago Soul,Soul/R&B,Soul/R&B
Deep Northern Soul,Soul/R&B,Soul/R&B
Deep Southern Soul,Soul/R&B,Soul/R&B
Memphis Soul,Soul/R&B,Soul/R&B
Neo Soul,Soul/R&B,Soul/R&B
Northern Soul,Soul/R&B,Soul/R&B
Post-disco Soul,Soul/R&B,Soul/R&B
Soul,Soul/R&B,Soul/R&B
Soul Christmas,Soul/R&B,Soul/R&B
Soul Flow,Soul/R&B,Soul/R&B
Southern Soul,Soul/R&B,Soul/R&B
Traditional Soul,Soul/R&B,Soul/R&B
Argentine Reggae,Reggae,Reggae
French Reggae,Reggae,Reggae
Gospel Reggae,Reggae,Reggae
Polish Reggae,Reggae,Reggae
Reggae,Reggae,Reggae
Reggae Fusion,Reggae,Reggae
Reggaeton,Reggae,Reggae
Roots Reggae,Reggae,Reggae
Skinhead Reggae,Reggae,Reggae
Spanish Reggae,Reggae,Reggae
Swedish Reggae,Reggae,Reggae
Traditional Reggae,Reggae,Reggae
Vintage Reggae,Reggae,Reggae
Deep Latin Alternative,Latin,Latin
Electro Latino,Latin,Latin
Latin,Latin,Latin
Latin Alternative,Latin,Latin
Latin Christian,Latin,Latin
Latin Christmas,Latin,Latin
Latin Metal,Latin,Latin
Alternative Metal,Metal,Metal
Alternative Metalcore,Metal,Metal
Atmospheric Black Metal,Metal,Metal
Atmospheric Post-metal,Metal,Metal
Avantgarde Metal,Metal,Metal
Black Metal,Metal,Metal
Brutal Death Metal,Metal,Metal
Canadian Metal,Metal,Metal
Chaotic Black Metal,Metal,Metal
Christian Metal,Metal,Metal
Cryptic Black Metal,Metal,Metal
Cyber Metal,Metal,Metal
Dark Black Metal,Metal,Metal
Death Metal,Metal,Metal
Deep Melodic Death Metal,Metal,Metal
Deep Melodic Metalcore,Metal,Metal
Deep Symphonic Black Metal,Metal,Metal
Deep Thrash Metal,Metal,Metal
Depressive Black Metal,Metal,Metal
Doom Metal,Metal,Metal
Drone Metal,Metal,Metal
Finnish Metal,Metal,Metal
Funk Metal,Metal,Metal
German Metal,Metal,Metal
Glam Metal,Metal,Metal
Gothic Metal,Metal,Metal
Gothic Symphonic Metal,Metal,Metal
Grim Death Metal,Metal,Metal
Grisly Death Metal,Metal,Metal
Groove Metal,Metal,Metal
Industrial Metal,Metal,Metal
J-metal,Metal,Metal
Melodic Death Metal,Metal,Metal
Melodic Metalcore,Metal,Metal
Melodic Power Metal,Metal,Metal
Melodic Progressive Metal,Metal,Metal
Metal,Metal,Metal
Metal Guitar,Metal,Metal
Metalcore,Metal,Metal
Neo Metal,Metal,Metal
Neo-trad Metal,Metal,Metal
Norwegian Metal,Metal,Metal
Nu Metal,Metal,Metal
Pagan Black Metal,Metal,Metal
Post-metal,Metal,Metal
Power Metal,Metal,Metal
Progressive Metal,Metal,Metal
Raw Black Metal,Metal,Metal
Retro Metal,Metal,Metal
Slam Death Metal,Metal,Metal
Sludge Metal,Metal,Metal
Speed Metal,Metal,Metal
Stoner Metal,Metal,Metal
Swedish Metal,Metal,Metal
Symphonic Black Metal,Metal,Metal
Symphonic Metal,Metal,Metal
Technical Brutal Death Metal,Metal,Metal
Technical Death Metal,Metal,Metal
Thrash Metal,Metal,Metal
Thrash-groove Metal,Metal,Metal
Unblack Metal,Metal,Metal
Viking Metal,Metal,Metal
Anarcho-punk,Punk,Punk
Brazilian Punk,Punk,Punk
Celtic Punk,Punk,Punk
Christian Punk,Punk,Punk
Cowpunk,Punk,Punk
Crust Punk,Punk,Punk
Dance-punk,Punk,Punk
Deep German Punk,Punk,Punk
Deep Gothic Post-punk,Punk,Punk
Deep Hardcore Punk,Punk,Punk
Electropunk,Punk,Punk
Emo Punk,Punk,Punk
Fast Melodic Punk,Punk,Punk
French Punk,Punk,Punk
Garage Punk,Punk,Punk
German Punk,Punk,Punk
Gothic Post-punk,Punk,Punk
Hardcore Punk,Punk,Punk
Horror Punk,Punk,Punk
Indie Post-punk,Punk,Punk
Italian Punk,Punk,Punk
J-punk,Punk,Punk
Noise Punk,Punk,Punk
Norwegian Punk,Punk,Punk
Polish Punk,Punk,Punk
Post-punk,Punk,Punk
Protopunk,Punk,Punk
Punk,Punk,Punk
Punk Christmas,Punk,Punk
Punk Ska,Punk,Punk
Russian Punk,Punk,Punk
Screamo Punk,Punk,Punk
Ska Punk,Punk,Punk
Skate Punk,Punk,Punk
Slash Punk,Punk,Punk
Spanish Punk,Punk,Punk
Steampunk,Punk,Punk
Street Punk,Punk,Punk
Swedish Punk,Punk,Punk
Uk Post-punk,Punk,Punk
Albuquerque Indie,Indie,Indie
Argentine Indie,Indie,Indie
Athens Indie,Indie,Indie
Austindie,Indie,Indie
Australian Indie,Indie,Indie
Belgian Indie,Indie,Indie
Brazilian Indie,Indie,Indie
Brooklyn Indie,Indie,Indie
Canadian Indie,Indie,Indie
Chicago Indie,Indie,Indie
Columbus Ohio Indie,Indie,Indie
Dallas Indie,Indie,Indie
Danish Indie,Indie,Indie
Deep Canadian Indie,Indie,Indie
Deep German Indie,Indie,Indie
Deep Indie Singer-songwriter,Indie,Indie
Denver Indie,Indie,Indie
Finnish Indie,Indie,Indie
German Indie,Indie,Indie
Greek Indie,Indie,Indie
Indie Christmas,Indie,Indie
Indie Emo,Indie,Indie
Indie R&amp;b,Indie,Indie
Indie Shoegaze,Indie,Indie
Indie Singer-songwriter,Indie,Indie
Indietronica,Indie,Indie
Indonesian Indie,Indie,Indie
Irish Indie,Indie,Indie
J-indie,Indie,Indie
K-indie,Indie,Indie
Kc Indie,Indie,Indie
La Indie,Indie,Indie
Leeds Indie,Indie,Indie
Louisville Indie,Indie,Indie
Mexican Indie,Indie,Indie
Michigan Indie,Indie,Indie
Northern Irish Indie,Indie,Indie
Nz Indie,Indie,Indie
Perth Indie,Indie,Indie
Polish Indie,Indie,Indie
Portland Indie,Indie,Indie
Rva Indie,Indie,Indie
Seattle Indie,Indie,Indie
Sheffield Indie,Indie,Indie
Slc Indie,Indie,Indie
Stl Indie,Indie,Indie
Thai Indie,Indie,Indie
Triangle Indie,Indie,Indie
Twin Cities Indie,Indie,Indie
Vancouver Indie,Indie,Indie
Vegas Indie,Indie,Indie
Vienna Indie,Indie,Indie
Alternative Dance,Dance,Dance
Australian Dance,Dance,Dance
Belly Dance,Dance,Dance
British Dance Band,Dance,Dance
Bubblegum Dance,Dance,Dance
Christian Dance,Dance,Dance
Dancehall,Dance,Dance
Deep Eurodance,Dance,Dance
Eurodance,Dance,Dance
Guidance,Dance,Dance
Intelligent Dance Music,Dance,Dance
Italo Dance,Dance,Dance
J-dance,Dance,Dance
Ambient,Ambient,Ambient
Ambient Fusion,Ambient,Ambient
Ambient Idm,Ambient,Ambient
Ambient Psychill,Ambient,Ambient
Dark Ambient,Ambient,Ambient
Deep Ambient,Ambient,Ambient
Future Ambient,Ambient,Ambient
J-ambient,Ambient,Ambient
Organic Ambient,Ambient,Ambient
Electroacoustic Improvisation,Acoustic,Acoustic
Abstract,Experimental,Experimental
Abstract Beats,Experimental,Experimental
Abstract Idm,Experimental,Experimental
Abstractro,Experimental,Experimental
Experimental,Experimental,Experimental
Experimental Dubstep,Experimental,Experimental
Experimental Psych,Experimental,Experimental
A Cappella,Other,Vocal
Accordion,Other,Instrumental
Acousmatic,Other,Experimental
Adult Standards,Other,Easy Listening
African Percussion,Other,World Music
Afrikaans,Other,World Music
Afrobeat,Other,World Music
Afrobeats,Other,World Music
Aggrotech,Other,Electronic
Alternative Americana,Other,Country
Alternative Emo,Other,Other
Alternative Hardcore,Other,Other
Alternative New Age,Other,Other
Alternative R&amp;b,Other,Other
Ambeat,Other,Other
Andean,Other,Other
Anime,Other,Other
Anime Score,Other,Other
Arabesk,Other,Other
Aussietronica,Other,Other
Avant-garde,Other,Other
Axe,Other,Other
Azonto,Other,Other
Bachata,Other,Other
Baile Funk,Other,Other
Balearic,Other,Other
Balkan Brass,Other,Other
Banda,Other,Other
Bangla,Other,Other
Barbershop,Other,Other
Barnemusikk,Other,Other
Barnmusik,Other,Other
Baroque,Other,Other
Baroque Ensemble,Other,Other
Bass Music,Other,Other
Bass Trip,Other,Other
Bassline,Other,Other
Beach Music,Other,Other
Beatdown,Other,Other
Beats &amp; Rhymes,Other,Other
Bebop,Other,Other
Belorush,Other,Other
Bemani,Other,Other
Benga,Other,Other
Bhangra,Other,Other
Big Band,Other,Other
Big Beat,Other,Other
Big Room,Other,Other
Black Death,Other,Other
Black Sludge,Other,Other
Black Thrash,Other,Other
Blackgaze,Other,Other
Blaskapelle,Other,Other
Bluegrass,Other,Other
Bmore,Other,Other
Bolero,Other,Other
Boogaloo,Other,Other
Boogie-woogie,Other,Other
Bossa Nova,Other,Other
Bounce,Other,Other
Boy Band,Other,Other
Brass Band,Other,Other
Brass Ensemble,Other,Other
Brazilian Composition,Other,Other
Brazilian Gospel,Other,Other
Breakbeat,Other,Other
Breakcore,Other,Other
Breaks,Other,Other
Brega,Other,Other
British Brass Band,Other,Other
British Invasion,Other,Other
Broadway,Other,Other
Broken Beat,Other,Other
Brostep,Other,Other
Brutal Deathcore,Other,Other
Byzantine,Other,Other
C64,Other,Other
C86,Other,Other
Cabaret,Other,Other
Cajun,Other,Other
Calypso,Other,Other
Cantautor,Other,Other
Cante Flamenco,Other,Other
Canterbury Scene,Other,Other
Canzone Napoletana,Other,Other
Capoeira,Other,Other
Carnatic,Other,Other
Catstep,Other,Other
Ccm,Other,Other
Ceilidh,Other,Other
Cello,Other,Other
Celtic,Other,Other
Celtic Christmas,Other,Other
Chalga,Other,Other
Chanson,Other,Other
Chanson Quebecois,Other,Other
Chaotic Hardcore,Other,Other
Charred Death,Other,Other
Children's Christmas,Other,Other
Children's Music,Other,Other
Chill Groove,Other,Other
Chill Lounge,Other,Other
Chill-out,Other,Other
Chillstep,Other,Other
Chillwave,Other,Other
Chinese Opera,Other,Other
Chinese Traditional,Other,Other
Chiptune,Other,Other
Choral,Other,Other
Choro,Other,Other
Christian Christmas,Other,Other
Christian Hardcore,Other,Other
Christian Music,Other,Other
Christmas,Other,Other
Christmas Product,Other,Other
Cinematic Dubstep,Other,Other
Clarinet,Other,Other
Classic Afrobeat,Other,World Music
Classic Eurovision,Other,Other
Classic Schlager,Other,Other
Classic Soundtrack,Other,Other
College A Cappella,Other,Vocal
College Marching Band,Other,Other
Comedy,Other,Other
Comic,Other,Other
Commons,Other,Other
Complextro,Other,Other
Composition D,Other,Other
Concert Piano,Other,Other
Consort,Other,Other
Contemporary Post-bop,Other,Other
Corrosion,Other,Other
Coupe Decale,Other,Other
Coverchill,Other,Other
Cowboy Western,Other,Other
Crossover Prog,Other,Other
Crossover Thrash,Other,Other
Crunk,Other,Other
Cuban Rumba,Other,Other
Cubaton,Other,Other
Cumbia,Other,Other
Cumbia Funk,Other,Other
Cumbia Sonidera,Other,Other
Cumbia Villera,Other,Other
Dangdut,Other,Other
Dansband,Other,Other
Danseband,Other,Other
Dansktop,Other,Other
Dark Cabaret,Other,Other
Dark Electro-industrial,Other,Other
Dark Hardcore,Other,Other
Dark Wave,Other,Other
Darkstep,Other,Other
Death Core,Other,Other
Deathgrind,Other,Other
Deep Adult Standards,Other,Easy Listening
Deep Alternative R&amp;b,Other,Other
Deep Baroque,Other,Other
Deep Breakcore,Other,Other
Deep Ccm,Other,Other
Deep Cello,Other,Other
Deep Chill,Other,Other
Deep Chill-out,Other,Other
Deep Comedy,Other,Other
Deep Darkpsy,Other,Other
Deep Disco,Other,Other
Deep Discofox,Other,Other
Deep Downtempo Fusion,Other,Other
Deep Filthstep,Other,Other
Deep Flow,Other,Other
Deep Freestyle,Other,Other
Deep Full On,Other,Other
Deep Funk,Other,Other
Deep G Funk,Other,Other
Deep Happy Hardcore,Other,Other
Deep Hardcore,Other,Other
Deep Hardstyle,Other,Other
Deep Italo Disco,Other,Other
Deep Liquid,Other,Other
Deep Liquid Bass,Other,Other
Deep Motown,Other,Other
Deep New Wave,Other,Other
Deep Opera,Other,Other
Deep Orgcore,Other,Other
Deep Psychobilly,Other,Other
Deep Ragga,Other,Other
Deep Rai,Other,Other
Deep Regional Mexican,Other,Other
Deep Soundtrack,Other,Other
Deep String Quartet,Other,Other
Deep Sunset Lounge,Other,Other
Deep Surf Music,Other,Other
Deep Talent Show,Other,Other
Demoscene,Other,Other
Desi,Other,Other
Didgeridoo,Other,Other
Digital Hardcore,Other,Other
Disco,Other,Other
Discofox,Other,Other
Dixieland,Other,Other
Djent,Other,Other
Doo-wop,Other,Other
Doomcore,Other,Other
Doujin,Other,Other
Downtempo,Other,Other
Downtempo Fusion,Other,Other
Downtempo Trip Hop,Other,Other
Drama,Other,Other
Dreamo,Other,Other
Drill And Bass,Other,Other
Drone,Other,Other
Drone Psych,Other,Other
Drum And Bass,Other,Other
Drumfunk,Other,Other
Dub,Other,Other
Dubstep,Other,Other
Dubstep Product,Other,Other
Dubsteppe,Other,Other
Duranguense,Other,Other
E6fi,Other,Other
Early Music,Other,Other
Early Music Ensemble,Other,Other
Easy Listening,Other,Other
Ebm,Other,Other
Ecuadoria,Other,Other
Edm,Other,Other
Electro,Other,Other
Electro Dub,Other,Other
Electro Swing,Other,Other
Electro Trash,Other,Other
Electro-industrial,Other,Other
Electroclash,Other,Other
Electrofox,Other,Other
Emo,Other,Other
Enka,Other,Other
Entehno,Other,Other
Environmental,Other,Other
Epicore,Other,Other
Ethereal Gothic,Other,Other
Ethereal Wave,Other,Other
Eurobeat,Other,Other
Euroska,Other,Other
Eurovision,Other,Other
Exotica,Other,Other
Fado,Other,Other
Fake,Other,Other
Fallen Angel,Other,Other
Filmi,Other,Other
Filthstep,Other,Other
Fingerstyle,Other,Other
Finnish Hardcore,Other,Other
Flamenco,Other,Other
Flick Hop,Other,Other
Footwork,Other,Other
Forro,Other,Other
Freakbeat,Other,Other
Free Improvisation,Other,Other
Freestyle,Other,Other
French Movie Tunes,Other,Other
Full On,Other,Other
Funeral Doom,Other,Other
Funk,Other,Other
Funk Carioca,Other,Other
Funky Breaks,Other,Other
Future Garage,Other,Other
G Funk,Other,Other
Gabba,Other,Other
Galego,Other,Other
Gamecore,Other,Other
Gamelan,Other,Other
Gbvfi,Other,Other
German Ccm,Other,Other
German Oi,Other,Other
German Show Tunes,Other,Other
Ghettotech,Other,Other
Ghoststep,Other,Other
Girl Group,Other,Other
Glitch,Other,Other
Glitch Beats,Other,Other
Glitch Hop,Other,Other
Goregrind,Other,Other
Gospel,Other,Other
Gothic Alternative,Other,Other
Gothic Americana,Other,Country
Gothic Doom,Other,Other
Grave Wave,Other,Other
Grime,Other,Other
Grindcore,Other,Other
Grunge,Other,Other
Grupera,Other,Other
Hands Up,Other,Other
Happy Hardcore,Other,Other
Hard Alternative,Other,Other
Hard Bop,Other,Other
Hard Glam,Other,Other
Hardcore,Other,Other
Hardcore Breaks,Other,Other
Hardstyle,Other,Other
Harp,Other,Other
Hatecore,Other,Other
Hauntology,Other,Other
Hawaiian,Other,Other
Healing,Other,Other
Heavy Alternative,Other,Other
Heavy Christmas,Other,Other
Hi Nrg,Other,Other
Highlife,Other,Other
Hiplife,Other,Other
Hoerspiel,Other,Other
Hollywood,Other,Other
Honky Tonk,Other,Other
Horrorcore,Other,Other
Hurban,Other,Other
Hyphy,Other,Other
Idol,Other,Other
Illbient,Other,Other
Industrial,Other,Other
Iskelma,Other,Other
Islamic Recitation,Other,Other
Italian Disco,Other,Other
J-alt,Other,Other
J-core,Other,Other
J-idol,Other,Other
J-theme,Other,Other
Jam Band,Other,Other
Japanese Psychedelic,Other,Other
Japanese R&amp;b,Other,Other
Japanese Standards,Other,Other
Japanese Traditional,Other,Other
Japanoise,Other,Other
Jerk,Other,Other
Jig And Reel,Other,Other
Judaica,Other,Other
Jug Band,Other,Other
Juggalo,Other,Other
Jump Up,Other,Other
Jumpstyle,Other,Other
Jungle,Other,Other
K-hop,Other,Other
Kabarett,Other,Other
Karneval,Other,Other
Kindermusik,Other,Other
Kirtan,Other,Other
Kizomba,Other,Other
Klapa,Other,Other
Klezmer,Other,Other
Kompa,Other,Other
Kuduro,Other,Other
Kwaito,Other,Other
Laboratorio,Other,Other
Laiko,Other,Other
Lds,Other,Other
Levenslied,Other,Other
Liedermacher,Other,Other
Light Music,Other,Other
Lilith,Other,Other
Liquid Funk,Other,Other
Lithumania,Other,Other
Liturgical,Other,Other
Lo Star,Other,Other
Lo-fi,Other,Other
Lounge,Other,Other
Lowercase,Other,Other
Luk Thung,Other,Other
Madchester,Other,Other
Maghreb,Other,Other
Magyar,Other,Other
Makossa,Other,Other
Mallet,Other,Other
Mambo,Other,Other
Manele,Other,Other
Marching Band,Other,Other
Mariachi,Other,Other
Martial Industrial,Other,Other
Mashup,Other,Other
Mathcore,Other,Other
Mbalax,Other,Other
Medieval,Other,Other
Meditation,Other,Other
Melancholia,Other,Other
Melbourne Bounce,Other,Other
Mellow Gold,Other,Other
Melodic Hardcore,Other,Other
Merengue,Other,Other
Merengue Urbano,Other,Other
Merseybeat,Other,Other
Mexican Son,Other,Other
Mexican Traditional,Other,Other
Miami Bass,Other,Other
Military Band,Other,Other
Minimal,Other,Other
Minimal Dub,Other,Other
Minimal Dubstep,Other,Other
Minimal Wave,Other,Other
Mizrahi,Other,Other
Mod Revival,Other,Other
Modern Downshift,Other,Other
Modern Performance,Other,Other
Modern Uplift,Other,Other
Monastic,Other,Other
Moombahton,Other,Other
Morna,Other,Other
Motivation,Other,Other
Motown,Other,Other
Movie Tunes,Other,Other
Mpb,Other,Other
Musica Para Ninos,Other,Other
Musiikkia Lapsille,Other,Other
Musique Concrete,Other,Other
Musique Pour Enfants,Other,Other
Muziek Voor Kinderen,Other,Other
Nasheed,Other,Other
Nashville Sound,Other,Other
Native American,Other,Other
Necrogrind,Other,Other
Neo Honky Tonk,Other,Other
Neo Mellow,Other,Other
Neo-pagan,Other,Other
Neo-progressive,Other,Other
Neo-psychedelic,Other,Other
Neo-singer-songwriter,Other,Other
Nepali,Other,Other
Nerdcore,Other,Other
Neue Deutsche Harte,Other,Other
Neue Deutsche Welle,Other,Other
Neurofunk,Other,Other
Neurostep,Other,Other
New Age,Other,Other
New Age Piano,Other,Other
New Americana,Other,Country
New Beat,Other,Other
New Jack Smooth,Other,Other
New Jack Swing,Other,Other
New Rave,Other,Other
New Romantic,Other,Other
New Tribe,Other,Other
New Wave,Other,Other
New Weird America,Other,Other
Ninja,Other,Other
Nintendocore,Other,Other
No Wave,Other,Other
Noise,Other,Other
Norteno,Other,Other
Norwegian Gospel,Other,Other
Nu Age,Other,Other
Nu Disco,Other,Other
Nu Electro,Other,Other
Nu Gaze,Other,Other
Nu Skool Breaks,Other,Other
Nu-cumbia,Other,Other
Nueva Cancion,Other,Other
Nursery,Other,Other
Nwobhm,Other,Other
Nwothm,Other,Other
Oi,Other,Other
Old-time,Other,Other
Opera,Other,Other
Opm,Other,Other
Oratory,Other,Other
Orgcore,Other,Other
Orquesta Tipica,Other,Other
Orquesta Tropical,Other,Other
Oshare Kei,Other,Other
Outsider,Other,Other
P Funk,Other,Other
Pagode,Other,Other
Permanent Wave,Other,Other
Persian Traditional,Other,Other
Pipe Band,Other,Other
Poetry,Other,Other
Polka,Other,Other
Polyphony,Other,Other
Porro,Other,Other
Post-disco,Other,Other
Post-grunge,Other,Other
Post-hardcore,Other,Other
Post-post-hardcore,Other,Other
Power Noise,Other,Other
Power Violence,Other,Other
Praise,Other,Other
Progressive Alternative,Other,Other
Progressive Bluegrass,Other,Other
Psych Gaze,Other,Other
Psychill,Other,Other
Psychobilly,Other,Other
Punjabi,Other,Other
Qawwali,Other,Other
Quebecois,Other,Other
Quiet Storm,Other,Other
R&amp;b,Other,Other
Ragga Jungle,Other,Other
Ragtime,Other,Other
Rai,Other,Other
Ranchera,Other,Other
Reading,Other,Other
Rebetiko,Other,Other
Regional Mexican,Other,Other
Relaxative,Other,Other
Remix,Other,Other
Renaissance,Other,Other
Retro Electro,Other,Other
Rhythm And Boogie,Other,Other
Riddim,Other,Other
Rio De La Plata,Other,Other
Riot Grrrl,Other,Other
Romantic,Other,Other
Rumba,Other,Other
Russian Alternative,Other,Other
Salsa,Other,Other
Salsa International,Other,Other
Samba,Other,Other
Saxophone,Other,Other
Schlager,Other,Other
Schranz,Other,Other
Scorecore,Other,Other
Scratch,Other,Other
Screamo,Other,Other
Screamocore,Other,Other
Sega,Other,Other
Serialism,Other,Other
Sertanejo,Other,Other
Sertanejo Tradicional,Other,Other
Sertanejo Universitario,Other,Other
Sevdah,Other,Other
Shanty,Other,Other
Shibuya-kei,Other,Other
Shimmer Psych,Other,Other
Shoegaze,Other,Other
Show Tunes,Other,Other
Singer-songwriter,Other,Other
Sinhala,Other,Other
Ska,Other,Other
Ska Revival,Other,Other
Skiffle,Other,Other
Skinhead Oi,Other,Other
Skweee,Other,Other
Sleep,Other,Other
Slow Core,Other,Other
Smooth Urban R&amp;b,Other,Other
Soca,Other,Other
Solipsynthm,Other,Other
Soukous,Other,Other
Soundtrack,Other,Other
Southern Gospel,Other,Other
Spanish Invasion,Other,Other
Spanish New Wave,Other,Other
Speed Garage,Other,Other
Speedcore,Other,Other
Spoken Word,Other,Other
Spytrack,Other,Other
Steelpan,Other,Other
Stomp And Flutter,Other,Other
Stomp And Holler,Other,Other
Stomp And Whittle,Other,Other
Straight Edge,Other,Other
Stride,Other,Other
String Band,Other,Other
String Quartet,Other,Other
Substep,Other,Other
Sunset Lounge,Other,Other
Surf Music,Other,Other
Swedish Prog,Other,Other
Swing,Other,Other
Swirl Psych,Other,Other
Talent Show,Other,Other
Tango,Other,Other
Tejano,Other,Other
Tekno,Other,Other
Terrorcore,Other,Other
Thrash Core,Other,Other
Throat Singing,Other,Other
Tibetan,Other,Other
Tico,Other,Other
Timba,Other,Other
Tin Pan Alley,Other,Other
Traditional Funk,Other,Other
Traditional Ska,Other,Other
Traditional Swing,Other,Other
Tribute,Other,Other
Trip Hop,Other,Other
Tropical,Other,Other
Trova,Other,Other
Turkish Alternative,Other,Other
Turntablism,Other,Other
Tzadik,Other,Other
Uk Dub,Other,Other
Uk Garage,Other,Other
Ukulele,Other,Other
Urban Contemporary,Other,Other
Vallenato,Other,Other
Vaporwave,Other,Other
Vegan Straight Edge,Other,Other
Velha Guarda,Other,Other
Video Game Music,Other,Other
Vintage Chanson,Other,Other
Vintage Gospel,Other,Other
Vintage Schlager,Other,Other
Vintage Swing,Other,Other
Vintage Swoon,Other,Other
Vintage Tango,Other,Other
Vintage Western,Other,Other
Violin,Other,Other
Visual Kei,Other,Other
Vocaloid,Other,Other
Volksmusik,Other,Other
Warm Drone,Other,Other
Western Swing,Other,Other
Wind Ensemble,Other,Other
Wonky,Other,Other
Workout,Other,Other
Worship,Other,Other
Wrestling,Other,Other
Ye Ye,Other,Other
Yoik,Other,Other
Zeuhl,Other,Other
Zillertal,Other,Other
Zim,Other,Other
Zolo,Other,Other
Zouglou,Other,Other
Zouk,Other,Other
Zydeco,Other,Other
